"tau_Av_Int.ns._count_below_threshold","tau_Av_Int.ns._n_total","file_name","percentage_below_threshold"
85,609,"AB31_Donor_P1_1.csv",13.9573070607553
38,313,"AB31_Donor_P1_2.csv",12.1405750798722
151,1331,"AB31_Donor_P1_3.csv",11.3448534936138
264,2464,"AB31_Donor_P1_4.csv",10.7142857142857
104,1027,"AB31_Donor_P1_5.csv",10.126582278481
46,475,"AB31_Donor_P1_6.csv",9.68421052631579
183,1664,"AB31_Donor_P1_7.csv",10.9975961538462
73,486,"AB31_Donor_P1_8.csv",15.0205761316872
